[{"model": "contenttypes.contenttype", "fields": {"app_label": "admin", "model": "logentry"}}, {"model": "contenttypes.contenttype", "fields": {"app_label": "auth", "model": "permission"}}, {"model": "contenttypes.contenttype", "fields": {"app_label": "auth", "model": "user"}}, {"model": "contenttypes.contenttype", "fields": {"app_label": "auth", "model": "group"}}, {"model": "contenttypes.contenttype", "fields": {"app_label": "contenttypes", "model": "contenttype"}}, {"model": "contenttypes.contenttype", "fields": {"app_label": "sessions", "model": "session"}}, {"model": "contenttypes.contenttype", "fields": {"app_label": "accounts", "model": "userprofile"}}, {"model": "contenttypes.contenttype", "fields": {"app_label": "videos", "model": "video"}}, {"model": "contenttypes.contenttype", "fields": {"app_label": "videos", "model": "snippetitem"}}, {"model": "contenttypes.contenttype", "fields": {"app_label": "subscribe", "model": "order"}}, {"model": "contenttypes.contenttype", "fields": {"app_label": "subscribe", "model": "subscriptionordered"}}, {"model": "contenttypes.contenttype", "fields": {"app_label": "subscribe", "model": "subscriptiontype"}}, {"model": "contenttypes.contenttype", "fields": {"app_label": "subscribe", "model": "subscription"}}, {"model": "contenttypes.contenttype", "fields": {"app_label": "subscribe", "model": "orderlineitem"}}, {"model": "contenttypes.contenttype", "fields": {"app_label": "videosnippets", "model": "snippet"}}, {"model": "contenttypes.contenttype", "fields": {"app_label": "videos", "model": "videocategory"}}, {"model": "contenttypes.contenttype", "fields": {"app_label": "categories", "model": "videocategory"}}, {"model": "sessions.session", "pk": "1h2ydpp80rwe22ropa0ilw8a8p1v6t35", "fields": {"session_data": "OGUzNDczMjllMDY5M2I1ZmU5NWRhNjQ1Yzk1MWU2ZjU4MWQ5MTkzOTp7Il9tZXNzYWdlcyI6IltbXCJfX2pzb25fbWVzc2FnZVwiLDAsMjUsXCJZb3UgaGF2ZSBzdWNjZXNzZnVsbHkgbG9nZ2VkIG91dFwiXV0ifQ==", "expire_date": "2017-12-19T17:54:39.148Z"}}, {"model": "sessions.session", "pk": "5z3hjfz61zq0nguazns1b6d7j7hdmh3e", "fields": {"session_data": "YzNiMDM4ZWE1NGYyNTMzZTJlYWFhMTc1YTlhMTRkNWYwNzU3ZTUyNTp7fQ==", "expire_date": "2017-12-14T13:29:01.122Z"}}, {"model": "sessions.session", "pk": "8t6kxjgmf2jv25mv3m2gvcquqds8u6uv", "fields": {"session_data": "YzNiMDM4ZWE1NGYyNTMzZTJlYWFhMTc1YTlhMTRkNWYwNzU3ZTUyNTp7fQ==", "expire_date": "2017-12-14T13:32:58.697Z"}}, {"model": "sessions.session", "pk": "fo7zyx2ehhq8uboal050glz7qpn9iur3", "fields": {"session_data": "NDU5YWUxYjgzN2ZjMDI0NWM1Njk1OWY5MDVjZWEwNmYyNTViZjg0Zjp7Il9hdXRoX3VzZXJfYmFja2VuZCI6ImRqYW5nby5jb250cmliLmF1dGguYmFja2VuZHMuTW9kZWxCYWNrZW5kIiwiX2F1dGhfdXNlcl9pZCI6IjkiLCJfYXV0aF91c2VyX2hhc2giOiIyMWY2MzIxOTJjNzRjNjE2Mzc1ZTNhNzQ5OWI2YmYzYjYyMDg4NGE3In0=", "expire_date": "2017-12-28T12:28:06.309Z"}}, {"model": "sessions.session", "pk": "hx5ui70hfginx4zdqg98qhm5xlihjiac", "fields": {"session_data": "YzNiMDM4ZWE1NGYyNTMzZTJlYWFhMTc1YTlhMTRkNWYwNzU3ZTUyNTp7fQ==", "expire_date": "2018-01-15T09:38:09.608Z"}}, {"model": "sessions.session", "pk": "l4m3s8et4s05pqyzab4u0vstrgs3oo0r", "fields": {"session_data": "NTU1NDJhZDk3MjY1YTdkODcxNTk1ZDgxNWY0YzJlYTE1YmI1NTg4Zjp7Il9hdXRoX3VzZXJfaWQiOiI5IiwiX2F1dGhfdXNlcl9iYWNrZW5kIjoiZGphbmdvLmNvbnRyaWIuYXV0aC5iYWNrZW5kcy5Nb2RlbEJhY2tlbmQiLCJfYXV0aF91c2VyX2hhc2giOiIyMWY2MzIxOTJjNzRjNjE2Mzc1ZTNhNzQ5OWI2YmYzYjYyMDg4NGE3In0=", "expire_date": "2017-12-28T20:47:25.134Z"}}, {"model": "sessions.session", "pk": "pn9st7fvbivboh4n8mmaxmvkx4gibnbm", "fields": {"session_data": "OGUzNDczMjllMDY5M2I1ZmU5NWRhNjQ1Yzk1MWU2ZjU4MWQ5MTkzOTp7Il9tZXNzYWdlcyI6IltbXCJfX2pzb25fbWVzc2FnZVwiLDAsMjUsXCJZb3UgaGF2ZSBzdWNjZXNzZnVsbHkgbG9nZ2VkIG91dFwiXV0ifQ==", "expire_date": "2017-12-19T18:08:39.233Z"}}, {"model": "sessions.session", "pk": "q4ztsml80k27orhot7fjsjmfvhgrlxm7", "fields": {"session_data": "YzNiMDM4ZWE1NGYyNTMzZTJlYWFhMTc1YTlhMTRkNWYwNzU3ZTUyNTp7fQ==", "expire_date": "2017-12-27T01:00:24.271Z"}}, {"model": "sessions.session", "pk": "xfd2wfy0cncz44gy78kw8w4ar10u149r", "fields": {"session_data": "NDU5YWUxYjgzN2ZjMDI0NWM1Njk1OWY5MDVjZWEwNmYyNTViZjg0Zjp7Il9hdXRoX3VzZXJfYmFja2VuZCI6ImRqYW5nby5jb250cmliLmF1dGguYmFja2VuZHMuTW9kZWxCYWNrZW5kIiwiX2F1dGhfdXNlcl9pZCI6IjkiLCJfYXV0aF91c2VyX2hhc2giOiIyMWY2MzIxOTJjNzRjNjE2Mzc1ZTNhNzQ5OWI2YmYzYjYyMDg4NGE3In0=", "expire_date": "2018-01-17T21:59:27.055Z"}}, {"model": "sessions.session", "pk": "y2hyewm2tqce1xiyue52gzjlnx0odcje", "fields": {"session_data": "OGUzNDczMjllMDY5M2I1ZmU5NWRhNjQ1Yzk1MWU2ZjU4MWQ5MTkzOTp7Il9tZXNzYWdlcyI6IltbXCJfX2pzb25fbWVzc2FnZVwiLDAsMjUsXCJZb3UgaGF2ZSBzdWNjZXNzZnVsbHkgbG9nZ2VkIG91dFwiXV0ifQ==", "expire_date": "2017-12-19T18:08:44.805Z"}}, {"model": "subscribe.subscription", "pk": 1, "fields": {"type": "Month", "description": "Monthly Subscription", "price": "4.00"}}, {"model": "subscribe.subscription", "pk": 2, "fields": {"type": "Year", "description": "Annual Subscription", "price": "40.00"}}, {"model": "categories.videocategory", "pk": 10, "fields": {"category": "Led Zeppelin Songs"}}, {"model": "categories.videocategory", "pk": 11, "fields": {"category": "Beatle Songs"}}, {"model": "categories.videocategory", "pk": 12, "fields": {"category": "Code Institute"}}, {"model": "categories.videocategory", "pk": 14, "fields": {"category": "Blind Blake Songs"}}, {"model": "videosnippets.snippet", "pk": 10, "fields": {"video": 47, "title": "Command to create an app", "start": 1.7, "end": 0.0, "jump": 0.0}}, {"model": "videosnippets.snippet", "pk": 11, "fields": {"video": 47, "title": "View to render an HTML page", "start": 39.0, "end": 0.0, "jump": 2.0}}, {"model": "videosnippets.snippet", "pk": 12, "fields": {"video": 45, "title": "Create a new blank workspace (cloud 9)", "start": 1.9, "end": 0.0, "jump": 2.0}}, {"model": "videosnippets.snippet", "pk": 13, "fields": {"video": 45, "title": "Install Django", "start": 25.0, "end": 0.0, "jump": 2.0}}, {"model": "videosnippets.snippet", "pk": 14, "fields": {"video": 45, "title": "Create a project", "start": 54.9, "end": 0.0, "jump": 2.0}}, {"model": "videosnippets.snippet", "pk": 15, "fields": {"video": 45, "title": "Update settings file ALLOWED_HOSTS", "start": 85.0, "end": 0.0, "jump": 2.0}}, {"model": "videosnippets.snippet", "pk": 16, "fields": {"video": 45, "title": "Command for running a server", "start": 117.9, "end": 0.0, "jump": 2.0}}, {"model": "videosnippets.snippet", "pk": 17, "fields": {"video": 45, "title": "Update bash_aliases with \"run\" alias", "start": 158.0, "end": 0.0, "jump": 2.0}}, {"model": "videosnippets.snippet", "pk": 18, "fields": {"video": 46, "title": "How to copy an app from GitHub", "start": 0.0, "end": 0.0, "jump": 2.0}}, {"model": "videosnippets.snippet", "pk": 19, "fields": {"video": 51, "title": "Tuning D G C G C D", "start": 25.0, "end": 0.0, "jump": 2.0}}, {"model": "videosnippets.snippet", "pk": 20, "fields": {"video": 51, "title": "Song intro - first chords", "start": 80.6, "end": 0.0, "jump": 3.0}}, {"model": "videosnippets.snippet", "pk": 21, "fields": {"video": 51, "title": "Third chord progression", "start": 168.5, "end": 177.8, "jump": 2.0}}, {"model": "videosnippets.snippet", "pk": 22, "fields": {"video": 51, "title": "Middle phrase", "start": 220.0, "end": 0.0, "jump": 6.0}}, {"model": "videosnippets.snippet", "pk": 23, "fields": {"video": 51, "title": "Verse secton", "start": 285.6, "end": 0.0, "jump": 2.0}}, {"model": "videosnippets.snippet", "pk": 24, "fields": {"video": 52, "title": "Intro - part 1", "start": 10.6, "end": 25.6, "jump": 2.0}}, {"model": "videosnippets.snippet", "pk": 25, "fields": {"video": 52, "title": "Intro - part 2", "start": 26.6, "end": 38.1, "jump": 2.0}}, {"model": "videosnippets.snippet", "pk": 27, "fields": {"video": 52, "title": "Verse - difficult part", "start": 77.0, "end": 89.6, "jump": 2.0}}, {"model": "videosnippets.snippet", "pk": 66, "fields": {"video": 51, "title": "Chorus", "start": 870.3, "end": 0.0, "jump": 2.0}}, {"model": "videosnippets.snippet", "pk": 70, "fields": {"video": 53, "title": "Intro", "start": 33.5, "end": 0.0, "jump": 2.0}}, {"model": "videosnippets.snippet", "pk": 71, "fields": {"video": 53, "title": "Chorus", "start": 334.7, "end": 0.0, "jump": 2.0}}, {"model": "videosnippets.snippet", "pk": 72, "fields": {"video": 58, "title": "Full Song", "start": 0.0, "end": 0.0, "jump": 2.0}}, {"model": "videosnippets.snippet", "pk": 73, "fields": {"video": 58, "title": "Lesson Start", "start": 149.9, "end": 0.0, "jump": 2.0}}, {"model": "videosnippets.snippet", "pk": 76, "fields": {"video": 57, "title": "Intro", "start": 0.0, "end": 0.0, "jump": 2.0}}, {"model": "videosnippets.snippet", "pk": 77, "fields": {"video": 53, "title": "Rif", "start": 91.0, "end": 0.0, "jump": 2.0}}, {"model": "videosnippets.snippet", "pk": 85, "fields": {"video": 59, "title": "Intro", "start": 0.0, "end": 0.0, "jump": 2.0}}, {"model": "videosnippets.snippet", "pk": 86, "fields": {"video": 59, "title": "Tuning (standard)", "start": 50.0, "end": 0.0, "jump": 2.0}}, {"model": "videosnippets.snippet", "pk": 87, "fields": {"video": 59, "title": "Full Song Overview", "start": 99.5, "end": 0.0, "jump": 2.0}}, {"model": "videosnippets.snippet", "pk": 88, "fields": {"video": 59, "title": "First difficult part (split screen)", "start": 448.0, "end": 454.0, "jump": 2.0}}, {"model": "videosnippets.snippet", "pk": 89, "fields": {"video": 60, "title": "Full Song", "start": 0.0, "end": 0.0, "jump": 2.0}}, {"model": "videosnippets.snippet", "pk": 90, "fields": {"video": 59, "title": "Second difficult part (split screen)", "start": 486.5, "end": 0.0, "jump": 2.0}}, {"model": "auth.permission", "fields": {"name": "Can add log entry", "content_type": ["admin", "logentry"], "codename": "add_logentry"}}, {"model": "auth.permission", "fields": {"name": "Can change log entry", "content_type": ["admin", "logentry"], "codename": "change_logentry"}}, {"model": "auth.permission", "fields": {"name": "Can delete log entry", "content_type": ["admin", "logentry"], "codename": "delete_logentry"}}, {"model": "auth.permission", "fields": {"name": "Can add permission", "content_type": ["auth", "permission"], "codename": "add_permission"}}, {"model": "auth.permission", "fields": {"name": "Can change permission", "content_type": ["auth", "permission"], "codename": "change_permission"}}, {"model": "auth.permission", "fields": {"name": "Can delete permission", "content_type": ["auth", "permission"], "codename": "delete_permission"}}, {"model": "auth.permission", "fields": {"name": "Can add user", "content_type": ["auth", "user"], "codename": "add_user"}}, {"model": "auth.permission", "fields": {"name": "Can change user", "content_type": ["auth", "user"], "codename": "change_user"}}, {"model": "auth.permission", "fields": {"name": "Can delete user", "content_type": ["auth", "user"], "codename": "delete_user"}}, {"model": "auth.permission", "fields": {"name": "Can add group", "content_type": ["auth", "group"], "codename": "add_group"}}, {"model": "auth.permission", "fields": {"name": "Can change group", "content_type": ["auth", "group"], "codename": "change_group"}}, {"model": "auth.permission", "fields": {"name": "Can delete group", "content_type": ["auth", "group"], "codename": "delete_group"}}, {"model": "auth.permission", "fields": {"name": "Can add content type", "content_type": ["contenttypes", "contenttype"], "codename": "add_contenttype"}}, {"model": "auth.permission", "fields": {"name": "Can change content type", "content_type": ["contenttypes", "contenttype"], "codename": "change_contenttype"}}, {"model": "auth.permission", "fields": {"name": "Can delete content type", "content_type": ["contenttypes", "contenttype"], "codename": "delete_contenttype"}}, {"model": "auth.permission", "fields": {"name": "Can add session", "content_type": ["sessions", "session"], "codename": "add_session"}}, {"model": "auth.permission", "fields": {"name": "Can change session", "content_type": ["sessions", "session"], "codename": "change_session"}}, {"model": "auth.permission", "fields": {"name": "Can delete session", "content_type": ["sessions", "session"], "codename": "delete_session"}}, {"model": "auth.permission", "fields": {"name": "Can add user profile", "content_type": ["accounts", "userprofile"], "codename": "add_userprofile"}}, {"model": "auth.permission", "fields": {"name": "Can change user profile", "content_type": ["accounts", "userprofile"], "codename": "change_userprofile"}}, {"model": "auth.permission", "fields": {"name": "Can delete user profile", "content_type": ["accounts", "userprofile"], "codename": "delete_userprofile"}}, {"model": "auth.permission", "fields": {"name": "Can add video item", "content_type": ["videos", "video"], "codename": "add_videoitem"}}, {"model": "auth.permission", "fields": {"name": "Can change video item", "content_type": ["videos", "video"], "codename": "change_videoitem"}}, {"model": "auth.permission", "fields": {"name": "Can delete video item", "content_type": ["videos", "video"], "codename": "delete_videoitem"}}, {"model": "auth.permission", "fields": {"name": "Can add snippet item", "content_type": ["videos", "snippetitem"], "codename": "add_snippetitem"}}, {"model": "auth.permission", "fields": {"name": "Can change snippet item", "content_type": ["videos", "snippetitem"], "codename": "change_snippetitem"}}, {"model": "auth.permission", "fields": {"name": "Can delete snippet item", "content_type": ["videos", "snippetitem"], "codename": "delete_snippetitem"}}, {"model": "auth.permission", "fields": {"name": "Can add order", "content_type": ["subscribe", "order"], "codename": "add_order"}}, {"model": "auth.permission", "fields": {"name": "Can change order", "content_type": ["subscribe", "order"], "codename": "change_order"}}, {"model": "auth.permission", "fields": {"name": "Can delete order", "content_type": ["subscribe", "order"], "codename": "delete_order"}}, {"model": "auth.permission", "fields": {"name": "Can add subscription ordered", "content_type": ["subscribe", "subscriptionordered"], "codename": "add_subscriptionordered"}}, {"model": "auth.permission", "fields": {"name": "Can change subscription ordered", "content_type": ["subscribe", "subscriptionordered"], "codename": "change_subscriptionordered"}}, {"model": "auth.permission", "fields": {"name": "Can delete subscription ordered", "content_type": ["subscribe", "subscriptionordered"], "codename": "delete_subscriptionordered"}}, {"model": "auth.permission", "fields": {"name": "Can add subscription type", "content_type": ["subscribe", "subscriptiontype"], "codename": "add_subscriptiontype"}}, {"model": "auth.permission", "fields": {"name": "Can change subscription type", "content_type": ["subscribe", "subscriptiontype"], "codename": "change_subscriptiontype"}}, {"model": "auth.permission", "fields": {"name": "Can delete subscription type", "content_type": ["subscribe", "subscriptiontype"], "codename": "delete_subscriptiontype"}}, {"model": "auth.permission", "fields": {"name": "Can add subscription", "content_type": ["subscribe", "subscription"], "codename": "add_subscription"}}, {"model": "auth.permission", "fields": {"name": "Can change subscription", "content_type": ["subscribe", "subscription"], "codename": "change_subscription"}}, {"model": "auth.permission", "fields": {"name": "Can delete subscription", "content_type": ["subscribe", "subscription"], "codename": "delete_subscription"}}, {"model": "auth.permission", "fields": {"name": "Can add order line item", "content_type": ["subscribe", "orderlineitem"], "codename": "add_orderlineitem"}}, {"model": "auth.permission", "fields": {"name": "Can change order line item", "content_type": ["subscribe", "orderlineitem"], "codename": "change_orderlineitem"}}, {"model": "auth.permission", "fields": {"name": "Can delete order line item", "content_type": ["subscribe", "orderlineitem"], "codename": "delete_orderlineitem"}}, {"model": "auth.permission", "fields": {"name": "Can add snippet item", "content_type": ["videosnippets", "snippet"], "codename": "add_snippetitem"}}, {"model": "auth.permission", "fields": {"name": "Can change snippet item", "content_type": ["videosnippets", "snippet"], "codename": "change_snippetitem"}}, {"model": "auth.permission", "fields": {"name": "Can delete snippet item", "content_type": ["videosnippets", "snippet"], "codename": "delete_snippetitem"}}, {"model": "auth.permission", "fields": {"name": "Can add video", "content_type": ["videos", "video"], "codename": "add_video"}}, {"model": "auth.permission", "fields": {"name": "Can change video", "content_type": ["videos", "video"], "codename": "change_video"}}, {"model": "auth.permission", "fields": {"name": "Can delete video", "content_type": ["videos", "video"], "codename": "delete_video"}}, {"model": "auth.permission", "fields": {"name": "Can add snippet", "content_type": ["videosnippets", "snippet"], "codename": "add_snippet"}}, {"model": "auth.permission", "fields": {"name": "Can change snippet", "content_type": ["videosnippets", "snippet"], "codename": "change_snippet"}}, {"model": "auth.permission", "fields": {"name": "Can delete snippet", "content_type": ["videosnippets", "snippet"], "codename": "delete_snippet"}}, {"model": "auth.permission", "fields": {"name": "Can add video category", "content_type": ["videos", "videocategory"], "codename": "add_videocategory"}}, {"model": "auth.permission", "fields": {"name": "Can change video category", "content_type": ["videos", "videocategory"], "codename": "change_videocategory"}}, {"model": "auth.permission", "fields": {"name": "Can delete video category", "content_type": ["videos", "videocategory"], "codename": "delete_videocategory"}}, {"model": "auth.permission", "fields": {"name": "Can add video category", "content_type": ["categories", "videocategory"], "codename": "add_videocategory"}}, {"model": "auth.permission", "fields": {"name": "Can change video category", "content_type": ["categories", "videocategory"], "codename": "change_videocategory"}}, {"model": "auth.permission", "fields": {"name": "Can delete video category", "content_type": ["categories", "videocategory"], "codename": "delete_videocategory"}}, {"model": "auth.user", "fields": {"password": "pbkdf2_sha256$36000$lumH8xNi19en$L9lVMjpCaPx21T5+qkpll1F8qi+3zvgtJX6tljMjGdY=", "last_login": "2018-01-03T21:59:26.664Z", "is_superuser": true, "username": "tomd100", "first_name": "", "last_name": "", "email": "tomd100@example.com", "is_staff": true, "is_active": true, "date_joined": "2017-12-07T15:15:13.970Z", "groups": [], "user_permissions": []}}, {"model": "accounts.userprofile", "pk": 9, "fields": {"user": ["tomd100"], "image": "", "sub_type": 0, "sub_start_date": "2017-12-07", "sub_nextreset_date": "2017-12-07"}}, {"model": "videos.video", "pk": 45, "fields": {"user": ["tomd100"], "category": 12, "title": "ecommerce01 - setting up django app", "url": "https://www.youtube.com/watch?v=2xnpzpPfPSY&feature=youtu.be", "yt_id": "2xnpzpPfPSY", "start": 0.0, "end": 0.0}}, {"model": "videos.video", "pk": 46, "fields": {"user": ["tomd100"], "category": 12, "title": "ecommerce02 - accounts", "url": "https://www.youtube.com/watch?v=EYpL6vF4JsY&feature=youtu.be", "yt_id": "EYpL6vF4JsY", "start": 0.0, "end": 0.0}}, {"model": "videos.video", "pk": 47, "fields": {"user": ["tomd100"], "category": 12, "title": "ecommerce03 - creating a home app", "url": "https://www.youtube.com/watch?v=9C3ZjcrZkCk&feature=youtu.be", "yt_id": "9C3ZjcrZkCk", "start": 0.0, "end": 0.0}}, {"model": "videos.video", "pk": 51, "fields": {"user": ["tomd100"], "category": 10, "title": "Led Zeppelin - The Rain Song Guitar Lesson (Complete Song)", "url": "https://www.youtube.com/watch?v=heT1mKjUJhs", "yt_id": "heT1mKjUJhs", "start": 0.0, "end": 0.0}}, {"model": "videos.video", "pk": 52, "fields": {"user": ["tomd100"], "category": 10, "title": "Led Zeppelin - The Rain Song Cover", "url": "https://www.youtube.com/watch?v=mSvqVL3m6yk", "yt_id": "mSvqVL3m6yk", "start": 0.0, "end": 0.0}}, {"model": "videos.video", "pk": 53, "fields": {"user": ["tomd100"], "category": 11, "title": "Learn to play Paperback Writer by The Beatles", "url": "https://www.youtube.com/watch?v=v_YQWkYHjz0&t=3s", "yt_id": "v_YQWkYHjz0", "start": 0.0, "end": 0.0}}, {"model": "videos.video", "pk": 57, "fields": {"user": ["tomd100"], "category": 11, "title": "A Hards Days Night", "url": "https://www.youtube.com/watch?v=M4AHtwnA_mo", "yt_id": "M4AHtwnA_mo", "start": 0.0, "end": 0.0}}, {"model": "videos.video", "pk": 58, "fields": {"user": ["tomd100"], "category": 11, "title": "Revolution", "url": "https://www.youtube.com/watch?v=NjWuVKVZ74w&t=25s", "yt_id": "NjWuVKVZ74w", "start": 0.0, "end": 0.0}}, {"model": "videos.video", "pk": 59, "fields": {"user": ["tomd100"], "category": 14, "title": "Blind Blake's \"Black Dog Blues\" taught by Woody Mann", "url": "https://www.youtube.com/watch?v=mwheEFEvCFI", "yt_id": "mwheEFEvCFI", "start": 0.0, "end": 0.0}}, {"model": "videos.video", "pk": 60, "fields": {"user": ["tomd100"], "category": 14, "title": "Black Dog Blues - Original", "url": "https://www.youtube.com/watch?v=rdrN-UAayAE", "yt_id": "rdrN-UAayAE", "start": 0.0, "end": 0.0}}, {"model": "admin.logentry", "pk": 114, "fields": {"action_time": "2017-12-08T10:25:23.281Z", "user": ["tomd100"], "content_type": ["auth", "user"], "object_id": "10", "object_repr": "tomd200", "action_flag": 3, "change_message": ""}}, {"model": "admin.logentry", "pk": 115, "fields": {"action_time": "2017-12-08T10:25:23.294Z", "user": ["tomd100"], "content_type": ["auth", "user"], "object_id": "11", "object_repr": "tomd300", "action_flag": 3, "change_message": ""}}, {"model": "admin.logentry", "pk": 116, "fields": {"action_time": "2017-12-08T10:25:23.306Z", "user": ["tomd100"], "content_type": ["auth", "user"], "object_id": "12", "object_repr": "tomd400", "action_flag": 3, "change_message": ""}}, {"model": "admin.logentry", "pk": 117, "fields": {"action_time": "2017-12-08T10:25:23.316Z", "user": ["tomd100"], "content_type": ["auth", "user"], "object_id": "13", "object_repr": "tomd500", "action_flag": 3, "change_message": ""}}, {"model": "admin.logentry", "pk": 118, "fields": {"action_time": "2017-12-08T10:25:23.326Z", "user": ["tomd100"], "content_type": ["auth", "user"], "object_id": "14", "object_repr": "tomd600", "action_flag": 3, "change_message": ""}}, {"model": "admin.logentry", "pk": 119, "fields": {"action_time": "2017-12-08T14:43:40.488Z", "user": ["tomd100"], "content_type": ["subscribe", "subscriptiontype"], "object_id": "1", "object_repr": "month", "action_flag": 1, "change_message": "[{\"added\": {}}]"}}, {"model": "admin.logentry", "pk": 120, "fields": {"action_time": "2017-12-08T14:44:00.532Z", "user": ["tomd100"], "content_type": ["subscribe", "subscriptiontype"], "object_id": "2", "object_repr": "year", "action_flag": 1, "change_message": "[{\"added\": {}}]"}}, {"model": "admin.logentry", "pk": 121, "fields": {"action_time": "2017-12-08T17:51:57.824Z", "user": ["tomd100"], "content_type": ["subscribe", "subscriptiontype"], "object_id": "2", "object_repr": "Annual Subscription", "action_flag": 2, "change_message": "[{\"changed\": {\"fields\": [\"type\"]}}]"}}, {"model": "admin.logentry", "pk": 122, "fields": {"action_time": "2017-12-08T17:52:09.177Z", "user": ["tomd100"], "content_type": ["subscribe", "subscriptiontype"], "object_id": "1", "object_repr": "Monthly Subscription", "action_flag": 2, "change_message": "[{\"changed\": {\"fields\": [\"type\"]}}]"}}, {"model": "admin.logentry", "pk": 123, "fields": {"action_time": "2017-12-10T15:00:57.965Z", "user": ["tomd100"], "content_type": ["subscribe", "subscription"], "object_id": "1", "object_repr": "Monthly Subscription", "action_flag": 1, "change_message": "[{\"added\": {}}]"}}, {"model": "admin.logentry", "pk": 124, "fields": {"action_time": "2017-12-10T15:01:10.657Z", "user": ["tomd100"], "content_type": ["subscribe", "subscription"], "object_id": "2", "object_repr": "Annual Subscription", "action_flag": 1, "change_message": "[{\"added\": {}}]"}}, {"model": "admin.logentry", "pk": 125, "fields": {"action_time": "2017-12-11T16:31:40.263Z", "user": ["tomd100"], "content_type": ["videos", "video"], "object_id": "31", "object_repr": "One", "action_flag": 3, "change_message": ""}}, {"model": "admin.logentry", "pk": 126, "fields": {"action_time": "2017-12-12T20:16:32.238Z", "user": ["tomd100"], "content_type": ["videos", "video"], "object_id": "36", "object_repr": "Blind Blake's \"Black Dog Blues\" taught by Woody Mann", "action_flag": 3, "change_message": ""}}, {"model": "admin.logentry", "pk": 127, "fields": {"action_time": "2017-12-12T20:16:32.250Z", "user": ["tomd100"], "content_type": ["videos", "video"], "object_id": "34", "object_repr": "Second", "action_flag": 3, "change_message": ""}}, {"model": "admin.logentry", "pk": 128, "fields": {"action_time": "2017-12-12T20:16:32.263Z", "user": ["tomd100"], "content_type": ["videos", "video"], "object_id": "33", "object_repr": "First", "action_flag": 3, "change_message": ""}}, {"model": "admin.logentry", "pk": 129, "fields": {"action_time": "2017-12-27T16:27:14.539Z", "user": ["tomd100"], "content_type": ["videosnippets", "snippet"], "object_id": "12", "object_repr": "Create a new blank workspace (cloud 9)", "action_flag": 2, "change_message": "[{\"changed\": {\"fields\": [\"jump\"]}}]"}}, {"model": "admin.logentry", "pk": 130, "fields": {"action_time": "2017-12-30T06:22:12.311Z", "user": ["tomd100"], "content_type": ["categories", "videocategory"], "object_id": "1", "object_repr": "General", "action_flag": 1, "change_message": "[{\"added\": {}}]"}}, {"model": "admin.logentry", "pk": 131, "fields": {"action_time": "2017-12-30T06:49:14.327Z", "user": ["tomd100"], "content_type": ["categories", "videocategory"], "object_id": "1", "object_repr": "General", "action_flag": 3, "change_message": ""}}, {"model": "admin.logentry", "pk": 132, "fields": {"action_time": "2017-12-30T13:00:58.532Z", "user": ["tomd100"], "content_type": ["categories", "videocategory"], "object_id": "6", "object_repr": "Music", "action_flag": 2, "change_message": "[{\"changed\": {\"fields\": [\"category\"]}}]"}}, {"model": "admin.logentry", "pk": 133, "fields": {"action_time": "2017-12-30T13:03:52.459Z", "user": ["tomd100"], "content_type": ["videos", "video"], "object_id": "52", "object_repr": "Led Zeppelin - The Rain Song Cover", "action_flag": 2, "change_message": "[{\"changed\": {\"fields\": [\"category\"]}}]"}}, {"model": "admin.logentry", "pk": 134, "fields": {"action_time": "2017-12-30T13:03:59.463Z", "user": ["tomd100"], "content_type": ["videos", "video"], "object_id": "51", "object_repr": "Led Zeppelin - The Rain Song Guitar Lesson (Complete Song)", "action_flag": 2, "change_message": "[{\"changed\": {\"fields\": [\"category\"]}}]"}}, {"model": "admin.logentry", "pk": 135, "fields": {"action_time": "2017-12-30T13:20:22.011Z", "user": ["tomd100"], "content_type": ["videos", "video"], "object_id": "46", "object_repr": "ecommerce02 - accounts", "action_flag": 2, "change_message": "[{\"changed\": {\"fields\": [\"category\"]}}]"}}, {"model": "admin.logentry", "pk": 136, "fields": {"action_time": "2017-12-30T13:20:27.930Z", "user": ["tomd100"], "content_type": ["videos", "video"], "object_id": "45", "object_repr": "ecommerce01 - setting up django app", "action_flag": 2, "change_message": "[]"}}, {"model": "admin.logentry", "pk": 137, "fields": {"action_time": "2017-12-30T13:21:06.784Z", "user": ["tomd100"], "content_type": ["videos", "video"], "object_id": "45", "object_repr": "ecommerce01 - setting up django app", "action_flag": 2, "change_message": "[]"}}]